BTC_USD_Close,dollar2yuan_Open,DJI.Close,stock_Adjusted,BTC_USD_Open
8601.795898,0.9225,24221.99023,78.358284,8755.535156
8804.477539,0.92514,23764.7793,77.462791,8610.385742
9269.987305,0.92197,23247.9707,76.527496,8805.387695
9733.72168,0.92405,23625.33984,76.997635,9271.329102
9328.197266,0.92539,23685.41992,76.542412,9734.291016
9377.013672,0.927223333,23957.02604,76.704097,9333.240234
